image,ground_truth
e60bb15d-7432-4529-918e-16f949e84369.jpg,A29296037
e60c4c63-f155-4f7a-a1d6-950a5ab80ba3.jpg,FX37408884
e60d1008-16b8-4782-8314-521dc6681150.jpg,A28867066
e61a3904-a666-4d34-8f6d-f1cdd6397ef4.jpg,R5847075
e61d48ab-e74a-4391-818d-15a197fc3f48.jpg,FX37409226
e61e7ad6-77d0-4d34-a9e2-54ee8c9ff6d6.jpg,YMAR889429
e62a1498-c8b3-4f51-ab26-7050a1b0f57f.jpg,28690226
e62b7d1f-3e6b-4b0c-9101-e2e7cc70f687.jpg,FX37409257
e62b821b-8f01-4aaf-a82e-42e0f711a760.jpg,1526244
e62e1fb6-98fc-4889-8b9b-15574d75ad4a.jpg,FX37383058
e63b3c3e-66d3-43fa-b684-87b93c68d988.jpg,28713443
e63c4197-38ca-4531-96b9-314244e0db01.jpg,28699536
e63c4c11-a3d1-4443-9196-11fc5d4e0a39.jpg,R5935205
e63f60c8-536c-4280-9865-1e7a59b28223.jpg,YMAT292196
e63fafab-d790-4613-b48f-fbc0e133dc97.jpg,FX37378475
e64cc9f2-708e-4270-9de2-88d74fad869e.jpg,FX37398112
e64d2481-a72a-4407-9839-098918960c9d.jpg,2718040
e64e66d3-ea98-4309-98a8-504163297f6b.jpg,SF0313092
e65cadc9-64ab-4ced-9191-ed140d98f138.jpg,YMAS608028
e65da3cb-1087-4ae5-9c40-78b14f73d520.jpg,TCS0015751
e65ebbb9-ceb8-4e0d-8a1a-b0a5a3559efd.jpg,28715461
e65ee674-0112-4cc6-93ed-d81952c2577e.jpg,OOLKCK3778
e66a8e19-f0d1-4180-858c-a51243c503ab.jpg,FX37409171
e66afc45-5ccb-4349-a8a9-459fd2f7d968.jpg,VNHPH2501745
e66be73e-d089-4a4f-9f74-f6f6cc605720.jpg,YMAT292093
e66d689c-76c0-4069-80af-654a7d3e61d5.jpg,SF0793487
e67a1ffb-4936-4975-9deb-0d0a76387fd3.jpg,OOLKCK1476
e67a59e4-a451-48c1-ad92-e48603edd7b6.jpg,FX37404335
e67df77e-48cf-495d-bf77-7f08f8783069.jpg,FX37407016
e67e485b-fa95-4aa3-b388-f7d0b73ddda8.jpg,FX37395829
e67ec9c4-6ee7-4ecf-84b1-3cd5ab1e550f.jpg,FX37408772
e67f3abc-2610-44dd-a27d-b8300ae858a5.jpg,2717953
e67fd227-39a6-4628-a4e2-ca6a967788d0.jpg,FX37404353
e68af8c7-b742-4826-9df2-227260501946.jpg,FX37395729
e68f35f5-f555-4fd4-8350-a1fbc5702a66.jpg,R5936053
e68ffaa9-d405-4b5b-b40a-bc66b5ef5368.jpg,FX37405346
e69a1ce1-8f10-4416-8849-74c7a5857527.jpg,FX37380617
e69ca415-fa8b-4dce-96cb-e472d3c6343b.jpg,SJJA700615
e69ebf7f-cd40-4036-b884-a08d8c038a71.jpg,OOLKCM5826
e6a09534-6303-4b50-92fc-65e1291c22b0.jpg,OOLKCM7486
e6a1634e-666f-45c3-875a-11bafe482b10.jpg,223849
e6a22acb-b391-473e-b1fe-33560567e5d3.jpg,OOLKCM1295
e6a45090-dd12-4e6b-9b14-53043516103e.jpg,SJJA695469
e6a5593d-2cfe-436a-bc4d-f799224043d6.jpg,FX37395524
e6a5dc54-7933-430c-8b9e-7dde63734a46.jpg,HLC2683306
e6a837d8-323e-49d0-b06a-33cb5485ee41.jpg,SF0764765
e6ab90e8-e3e9-4009-81ba-fbe1fb40c19d.jpg,22458
e6afeaa4-1096-4b63-b776-e8889109ce92.jpg,WHAB154425
e6b5973e-c424-493a-a283-89059325bec9.jpg,2718163
e6b7e74f-88d4-4365-9a9f-6825adc6387f.jpg,FX37405438
e6b885af-208f-4d62-bbf4-422075447344.jpg,2719436
e6b89b96-7b12-40f4-a165-f5c0af6662cb.jpg,2719031
e6ba1c2c-7da4-42b3-8092-9293f903490e.jpg,YMAS608087
e6be0305-4043-4784-88ad-12bdc5eb772a.jpg,FX37389479
e6c27b2b-a08a-437d-9c7e-fb6d6972dd02.jpg,28699068
e6c30b96-f625-49e5-8460-47a3a20f7fc8.jpg,FX37407626
e6c30f73-fac5-46fd-b294-a3d86b37852f.jpg,SJJA700724
e6c31ab3-2fd4-4548-975a-c60a0f874170.jpg,FX37374337
e6c66da1-5e86-45ea-a55a-de87b7c402f8.jpg,FX37406263
e6c694de-ea0d-4a13-9766-7340352892f3.jpg,28713422
e6c8fbb7-813c-4163-8e28-18ca48ef9537.jpg,OOLKCK2859
e6cbe156-7333-4b0d-814d-2ad2fd0857b5.jpg,FX37378387
e6cc10a6-00ea-4cc7-8db0-012823e9a4ad.jpg,SJJA696388
e6cdfee0-7c28-4205-bef9-5368709cb90b.jpg,FX37406010
e6d1a60d-463b-4fe5-8e5d-d8ca277d5c9e.jpg,YMAR886137
e6d9f7e6-0ff6-456a-a65a-4bbf9441d978.jpg,FX37405105
e6da141c-9f1a-4641-a363-cbbe2be9b5be.jpg,FX37405192
e6dbd072-aee0-48c4-aad9-47dc767e2cce.jpg,SJJA704141
e6ddbdf1-ac50-44ed-bd07-8ea78bbf2643.jpg,FX37404505
e6e4f8d3-efce-4d66-9618-66d84f87ed6a.jpg,FX37403619
e6e501e9-4f3a-4cdb-a39d-caba34dab2f6.jpg,FX37383063
e6e72e0b-81cb-4d7f-8508-5a9098d58d6b.jpg,A29263037
e6e748bf-22fd-4289-95f9-4aa3493c182d.jpg,VNHPH2414842
e6e8ca53-c9cf-4737-8505-73c5197c95e4.jpg,R5924560
e6e9a298-fe23-4cf7-8389-8332e6794d08.jpg,FX37395224
e6e9d2f9-0baf-4172-ae95-a3480a8bad20.jpg,SJJA700779
e6ea5c58-15f4-40b9-9c22-bbf5f3c847f1.jpg,SITF231831
e6ea82fa-0805-4f53-b91e-6a00169322f9.jpg,FX37405677
e6eb8207-d8e2-4d71-b6d8-977a2a353a6c.jpg,SJJA703495
e6ed4e96-ee28-4037-98b6-ff2e04017de6.jpg,SJJA700949
e6ed63bd-ab53-4cd7-83dd-e164a930ed6b.jpg,YMAQ258240
e6ed6da2-ff5b-4b66-8ad9-ed9266f832dc.jpg,FX28452689
e6f04fd7-5fef-4878-946a-792b8b682d65.jpg,FX37408528
e6f0d00d-f76f-4354-af77-01c708d8b180.jpg,28690657
e6f35415-36e0-4964-8456-19ca5e557d0b.jpg,FX37403455
e6f42401-d615-4ac2-bd1f-2b433ecc8dae.jpg,FX37378444
e6f7a301-132a-4ec4-8df2-e2a01f8ab5f7.jpg,FX37408059
e6fd7f2b-9355-4660-9a4f-e2d24c5b77f5.jpg,FX37407288
e6ff6649-a801-47b5-94e5-9c42c6d8bd76.jpg,FX37404386
e70a921d-b107-4001-86e4-46cafc8b3745.jpg,FX33337071
e70b0069-b068-44d8-9b7a-2e4350a54b1a.jpg,FX37409964
e70e3e67-b2bb-4b96-a0df-90024453c855.jpg,FX37404985
e70efd15-252e-47e9-b9e2-96c7c5a45d91.jpg,FX33364388
e71a7690-c359-47ab-9e9c-53beb902f0f5.jpg,R5938694
e71c04fc-5723-4d85-9ab8-e9f50b9f0071.jpg,FX37406602
e71f3440-fb51-45b5-ac8d-4353ff0a72f0.jpg,H4702660
e71f3b92-517f-4691-b59a-acc426c619a9.jpg,FX37409349
e71fd6f5-5925-4708-8af1-127a94a6b853.jpg,SJJA703974
e72b3ab4-543f-4ff6-bbe6-8d78b49bada1.jpg,FX37394715
e72c0998-252c-4bb8-a980-2a7d9327e39b.jpg,FX37403657
e7a3ec7d-cc26-432a-a9af-dac466662b3e.jpg,SF0786017
e7a420e8-f00b-4722-912a-25e4a1f37c53.jpg,OOLKCM5802
e7a436c3-0f08-4cc9-8705-ba27d82fa3bf.jpg,SJJA696362
e7a45764-158d-4378-a08d-d4fc1a126379.jpg,A4241061521
e7a60ce3-6db1-4748-823e-3184c70e888e.jpg,FX37382231
e7a89925-114d-4e02-8523-d157f1fbe6fd.jpg,SF0787614
e7a89f58-acb5-40f3-b5b5-c53f5f3be610.jpg,1526647
e7ace620-dfc6-4308-b5f6-875526ce4df6.jpg,OOLKCK0337
e7ad6fda-387c-4fca-9ea8-fd52512ae544.jpg,FX37394698
e7aeecf5-6251-4120-8fc1-c5a0ac820cd9.jpg,FX37406724
e7afd6a1-32ef-4dce-a541-0aa96949c82f.jpg,OOLKCL7951
e7b22156-fe0d-462b-b842-8f9e43135b69.jpg,FX37380750
e7b25e2f-943c-40c7-8920-54402df7b0e4.jpg,U621287
e7b27ac7-f348-4858-be6f-953089a97c65.jpg,FX37379049
e7b3c6a6-7d5a-45df-98a6-a5fb74cfa9ef.jpg,U621314
e7b574d7-df98-4935-ac08-0bb0b694affd.jpg,FX37405452
e7b592aa-58f4-4f60-99ef-63e92e6db1fb.jpg,FX37405104
e7baf09e-e4de-4d98-9301-fa0264453844.jpg,FX33364119
e7bb61f1-1a1e-4c1a-a316-55188ddd54a2.jpg,FX37399491
e7bc3124-d37a-40d1-9740-10bd25193f51.jpg,FX37406699
e7bcb753-1c2a-4a30-918d-d16a6b31e6b3.jpg,FX37378437
e7bcde5b-7efc-440d-83fd-5ad03803bf69.jpg,28699111
e7bfaac2-d13e-4c88-8a00-233861f326d3.jpg,U452185
e7c20b12-bddb-4ae3-a0dc-5ae5c4a4ff35.jpg,OOLKCK2599
e7c503eb-7261-40cd-a31f-140d0ff284c4.jpg,FX37390777
e7c58f74-5971-4a26-a099-6447ce83e920.jpg,FX37406025
e7cb0c9c-331e-423b-bb84-210dbcb938aa.jpg,YMAR886063
e7cb7dfa-358a-42e8-9d7d-0a4117e86cec.jpg,YMAT292761
e7cc2973-3b99-4f41-8d03-4a9bcd821a13.jpg,FX33364449
e7cc3789-6742-473b-960b-cd6b6ca21820.jpg,28703051
e7cc6c42-e2c8-4991-a67b-5e0ff0cfe1e9.jpg,SF0786201
e7cdb4bc-e839-413f-98b1-4dedd002218d.jpg,MLA196503
e7cece98-08b0-49df-ba39-0737200f7fac.jpg,R5853281
e7d2af8c-a65d-475a-83e7-f16fa65a4274.jpg,28692757
e7d3088e-d2e5-46f7-b4d4-c974d5d50c9a.jpg,FX37404003
e7d5073e-27a2-4ed7-90ba-f37aabe1ffa2.jpg,28698345
e7d5b8ad-ec6b-41b3-9b06-029bd7533be4.jpg,R5961915
e7d668bd-f799-43d1-bbf2-be2ce24370be.jpg,FX37379054
e7d6d93b-7545-4c16-a9bc-dd7e9887839c.jpg,SF0787661
e7d93192-634d-442f-8708-56de6263a9ee.jpg,FX37390797
e7d97c47-196a-49dd-842d-646eb9843f0e.jpg,28707232
e7dadd54-ee59-414c-b15b-97043bc8d325.jpg,FX37379676
e7dbcdcf-940c-488e-bd20-0b2da5dd012e.jpg,WHAB168140
e7dc3687-93ae-4abd-b572-9749c4e1b06b.jpg,28689630
e7dd5d4f-1366-482c-9e04-c2a0236d96f7.jpg,28693231
e7dfa76c-02b2-4c7e-be41-77854bc1cdd6.jpg,FX37404041
e7e1f240-5b93-442e-a8e1-777a2722b5ad.jpg,28697760
e7e37a09-7871-4b47-96c5-a89591239049.jpg,FX37404085
e7e3e96d-5f53-4d23-88e9-fe139c66a249.jpg,FX37399412
e7e4c161-f2c1-43b3-9f96-57aee4b46620.jpg,SJJA703117
e7e6d801-e95d-4b7e-80b9-8637791d0d97.jpg,A29180208
e7e7b104-e071-4e52-9900-56df5fdca222.jpg,FX37391435
e7e82cb5-c003-487a-9fdb-2f5e5719a08f.jpg,SJJA698744
e7e942c4-b247-48e4-a8c3-8f3eb72fdb7f.jpg,FX37383099
e7e9ac88-a9f7-4ddd-8e5d-a3361093bcce.jpg,FX37390291
e7eda35f-abbf-4401-be5d-663d37f37f57.jpg,28685857
e7eebbb8-6ad9-497a-ac87-d56db1a2e6d2.jpg,FX37404699
e7f1ceea-bc15-4e57-9c35-3f911e8a9063.jpg,FX33367582
e7f22d25-2ace-4038-afea-05b3c95d1869.jpg,A29298293
e7f2e82e-92b0-4679-9a91-164dc47235f9.jpg,FX37404630
e7f44503-c1c5-47bc-ba4b-eec31351e357.jpg,SJJA702387
e7f4e2b9-3682-4d6c-992a-b81a573eb214.jpg,SJJA698332
e7f66a44-c05d-43aa-992d-0f521a13c76a.jpg,VS506219
e7f7b6c7-097c-498e-a024-1ffc52fd7f2a.jpg,FX37408488
e7f9a2f2-926a-4375-97b7-c71ceada6206.jpg,FX37390533
e7fa1c2e-dadb-4ece-a4be-4f2b29963143.jpg,DA3877466
e7fa7792-2eaf-4919-9b6a-6bb2a1aeb9aa.jpg,FX37406683
e7fa7ed0-9e65-4788-94c0-f59164c2532b.jpg,FX37404771
e7fb5521-12ed-410d-bd5c-a486f65c7acf.jpg,FX37391289
e7fbefae-9304-4ef6-becf-48aaac395b6d.jpg,SJJA699457
e7fc6696-52e4-4db9-8725-e5c909c88a7d.jpg,FX37409992
e7fd4435-97e8-4422-864e-58ff2296e470.jpg,SJJA696373
e7fe2a24-fd36-4820-a662-9e3e7e80f4ff.jpg,SF0765960
e8a3630f-85eb-4671-bd79-c9ae37e18749.jpg,FX37406051
e8a41d77-db0c-426d-baf1-10c8c99de0eb.jpg,SJJA703972
e8a4dc6f-b950-4f97-8221-d7cc629bc341.jpg,28702432
e8a5a273-1caf-419b-b40c-faf422c8800b.jpg,OOLKCK2135
e8a5c9ec-eb28-4072-bff9-1fd30fa8c8ff.jpg,2718559
e8a6fc68-b22d-4313-a926-7ec4de2054b2.jpg,FX37405883
e8a7ec2b-214f-4a4f-b49a-34ab49cdf081.jpg,YMAS601431
e8a85145-dc73-4253-b7db-278a1218dc9a.jpg,28703071
e8aa7c9f-9c41-48db-a59f-aac0398e8425.jpg,SF0786296
e8abf1be-1fe6-49e5-93a5-a1cb08819946.jpg,FX37382983
e8af242a-77c2-4296-bae0-d22e5c273c94.jpg,FX37394636
e8b0c91d-075d-40ca-b09c-69fa4c3cf875.jpg,FX37409979
e8b0fb88-a8e7-4176-9718-b062930121ea.jpg,28697739
e8b14c04-4d38-42c0-aa32-d3ecbc5d2032.jpg,R5950039
e8b51440-f0eb-4fde-a635-2c0dd7289ea6.jpg,FX37406151
e8bb6512-b59c-46d3-aced-ba82a9ff21a0.jpg,WHAB160890
e8bb66a4-7fe6-451a-bfcc-4de0150e97c7.jpg,SF0765885
e8bd8bb8-7232-4f6b-bf2f-634394c3c65d.jpg,R5949992
e8bdcef8-d368-44f5-8691-f5bf2b261a2f.jpg,28707186
e8bf4e93-6f2f-41f7-8aa2-8f44bd1d56c1.jpg,FX37405892
e8bfb26f-27f2-466c-aefa-94ace0bf95dc.jpg,WHAB160915
e8c1b8ce-744b-487f-abf0-48eb0ec40971.jpg,VNHPH2416055
e8c3677e-9ccb-4da3-b931-7211f2c34852.jpg,2655860
e8c3e8e4-2b37-46ea-8507-a867c81226bc.jpg,VN14746AI
e8c412f6-3fd3-47ae-b121-2e8c0a010aed.jpg,28697802
e8c46300-95c0-46c9-bc65-4e9052b455a3.jpg,OOLKCM1105
e8c49504-e0cf-4700-a8bc-cf6a07118fae.jpg,SJJA702965
e8c4aab6-c699-442c-9e2b-2ffb1abebcbc.jpg,SF0786013
e8c55dc2-b096-45d3-a950-6e46c463a70a.jpg,OOLKCK0349
e8c6f41e-ed72-4a09-8a1a-0efe53dca600.jpg,28714468
e8c721b3-a8fa-405c-9337-dfed45891189.jpg,FX37405266
e8cb63e1-d7d3-402f-ad89-f2e67488268e.jpg,VNHPH2500706
e8cbb04e-3fc3-488c-bb19-17e36c295912.jpg,FX37395980
e8cbc153-d20a-4e79-b79e-0525a70728ab.jpg,FX37407806
e8d05e2f-0e60-4019-93ae-1e78da7f09d9.jpg,953179
e8d10428-f308-419d-8f9e-839489135deb.jpg,OOLKCK3579
e8d6553d-c164-4f0a-a50a-e16ceb48434c.jpg,FX37382182
e8db38f3-8f09-42d0-9d4f-e3087415c760.jpg,A29205167
e8df1940-8735-4f47-84aa-6512098a0744.jpg,FX37382236
e8df9ee3-4f19-461a-a0a9-9fd31c08e76a.jpg,OOLKCL7932
e8e0bcf2-c1ac-409f-9f30-01bf4c900563.jpg,FX37374325
e8e0c71e-1223-41d7-9d3f-10714d97eb1a.jpg,OOLKCM1274
e8e0d57c-666b-40d6-9655-453241f79cbe.jpg,28705198
e8e2107d-ca78-4cd7-812e-ce3771d25f82.jpg,FX37404491
e8e2777e-58bb-4664-af8d-e87994f7b756.jpg,FX33364091
e8e39e72-a560-4775-a2aa-ab4b0f5e2dbd.jpg,FX37406430
e8e59856-d547-4ab0-9169-88821c7ff529.jpg,FX37391323
e8e5c6af-2188-4597-af14-e1a36649727e.jpg,A29274498
e8e61c82-f243-41c9-baf7-6f070e38079e.jpg,FX33364353
e8e81d4f-9932-4fcf-b369-6697c178ceba.jpg,FX37408699
e8e898ff-009c-42ed-883c-5c4b6588c87f.jpg,FX37409343
e8e9e2a9-2c8e-4b96-b481-758b4f03457f.jpg,WHLT251433
e8ea8768-d2dc-4618-950d-85401eb7c9bd.jpg,OOLKCM1187
e8eb9359-c394-4494-9d3d-394a84547f4e.jpg,FX37407408
e8ef6ef2-6afa-4de7-b0a8-7c20e029f785.jpg,FX37390678
e8efeac9-0e00-44e3-a127-d89f3363f566.jpg,WHAB161971
e8f21bce-743e-40c2-a542-04ad8856460c.jpg,OOLKCM1071
e8f274d0-59eb-4955-8dc0-c96d01fc8437.jpg,FX37380694
e8f53550-5d0b-4f36-b967-2582d2160c8a.jpg,OOLKCM7120
e8f5803c-98a9-4787-8e96-b170f05bfe82.jpg,SF0767708
e8f5d0b9-4484-44d2-a4c3-c4c3dd07ade9.jpg,OOLKCL7877
e8f6c914-9057-4203-984a-16c38371f3e5.jpg,FX37402110
e8f846de-37fb-4e10-bce6-12b3e7ac8612.jpg,SF0769223
e8f873dc-2682-40b7-91bd-8f33263e3988.jpg,SF0767676
e8f8abc7-ff70-4baf-8ef4-b726ff167e9b.jpg,SITF231739
e8ff4ef1-d5dd-4af7-8a43-063b6f0ef6e9.jpg,FX28452672
e9a0030a-5e03-4630-ba05-be242b0d08c2.jpg,FX37382880
e9a36492-298f-4455-acb6-cc30f3e778bf.jpg,R5953946
e9a7e8af-e7ee-4e01-b5ad-1123c8353ebe.jpg,HLC2685585
e9aa178f-0631-4586-91ae-8d81b03a0be8.jpg,FX37406092
e9abc1cc-55d8-477a-84c6-9bec173ceca2.jpg,SJJA703451
e9ac7b4e-3970-4c5b-b319-776bfd85e81d.jpg,FX37410127
e9ad5ab0-2ffa-42a6-b077-95291886e2e0.jpg,28694182
e9ad762b-098d-421d-b677-9816f553aa41.jpg,FX37395676
e9b26999-088d-4726-b1dc-d245cc58c0d5.jpg,FX37379637
e9b6ead3-e708-4c95-b844-5c4e01dc22ac.jpg,SJJA703866
e9b7015b-3578-4fca-8d81-2ad69074f66e.jpg,22502
e9b778be-983e-4f06-b0f9-dba4fc2148dc.jpg,HQ240025768
e9b9f99f-ca45-4857-9cb0-9a3ba8604582.jpg,VNHPH2414190
e9ba511a-afc1-46d0-b78d-1ecd08ddeb63.jpg,HLC2685526
e9baad60-6820-495a-8c7a-b79c1ae7377b.jpg,FX37390808
e9bb3f06-83e2-472e-b724-76608487dbcc.jpg,YMAT300087
e9bbb32a-cecd-4fff-b7a7-ca9787ba822a.jpg,FX37382228
e9bdd9cf-39b5-427b-90ae-ef1f6a6ab8e7.jpg,FX37404134
e9c12fc1-45f8-4202-ad6e-6ea7e682a8e6.jpg,FX37402106
e9c2bd72-8c50-445c-8786-bb665eeff5b4.jpg,FX37407016
e9c2ec79-cc37-4987-8783-a242e19fcc2d.jpg,SITF231627
e9c430fa-8ad2-4d36-aa1c-08592ec8b755.jpg,2717917
e9c47c77-bdbe-4c4c-a68d-38e335b32613.jpg,FX33364968
e9c6d141-b1f4-4121-b8dd-1acefef67c89.jpg,FX37394846
e9ca7a39-9958-4a5a-a7b4-abd348b877ef.jpg,OOLKCL7870
e9cc73cd-9504-47ab-89a0-db7ed99ad26f.jpg,FX37407778
e9cd296c-3c48-4e9c-a23f-8d3ecbb3a58b.jpg,2717922
e9ce314f-b157-4854-8796-0841cf37c2ec.jpg,FX37406587
e9cec40b-6cda-4835-805b-d369d97bc521.jpg,R5938835
e9d32506-df9f-4357-9291-75a04ef7a7c5.jpg,SF0764786
e9d5cf55-77b7-4a9f-9fba-8514ccbeac1f.jpg,28703335
e9d5d8cf-2378-4230-9e5e-a5ecbadd8101.jpg,FX37398103
e9d855d3-968d-49f7-880d-8526a2db7886.jpg,FX37407533
e9d8c6ea-de54-4178-a9cf-0279c3ad206a.jpg,28692707
e9daa82e-3bcb-41ab-a888-eaf2a02eef0c.jpg,28699269
e9df64f3-997b-4c35-b614-5399b5e7f2d7.jpg,FX37407125
e9e19f55-c359-4ac4-85cb-a0b201b0224a.jpg,YMAT299649
e9e356bb-797f-4fda-ba74-7ad465ca0059.jpg,28697770
e9e3b28c-1d01-441e-a721-044bb70da151.jpg,28709731
e9e49968-a6e7-452a-8761-76bc1fb840b5.jpg,WHLT252560
e9eb40fa-2e4e-4593-9337-a2822b05a2a3.jpg,SITF231763
e9ec3fc4-7b1f-4478-aa25-05621f60ced7.jpg,SJJA700417
e9edfa4c-6944-4577-8066-2362d7e57f71.jpg,SJJA703516
e9eeb36c-9c9f-4d2f-9b62-48d5e6e9c5ae.jpg,YMAT300021
e9ef1e51-c5cd-4100-92b9-32d89b763ed7.jpg,SJJA699529
e9efe4bf-f11b-4d4b-882e-dbd25d7e63f4.jpg,OOLKCK1351
e9f1156b-f3b7-420c-b593-87183d630eda.jpg,FX37404480
e9f20a9d-19c3-4a8f-a21e-a9b6e1fea6c2.jpg,FX33364137
e9f37980-1a51-41ae-bf75-4fc81cf8cd60.jpg,28698447
e9f3e858-35ce-4f31-8a81-181dafd076dd.jpg,OOLKCM1001
e9f4d760-8725-41cb-b6ce-eedf9696bf40.jpg,HLC2669199
e9f87d4d-f966-4163-9360-f56584a2dd4d.jpg,FX33364057
e9f98420-bee4-4761-ac65-d7fcb1b1e833.jpg,U619592
e9fbf290-b813-40f8-af6e-3c2b87de3d90.jpg,FX37395613
e9fc36ca-d4e3-42de-becf-6a9a5611bd08.jpg,2719507
e9fd8d5e-ca2e-40a9-b33b-192f1c879e25.jpg,2718592
e9fdf28d-9e78-48dc-a19b-d29636708507.jpg,28699161
e9fdfad3-d1ef-4fbc-9fcc-e44c8dccfd8d.jpg,FX37374441
e9fdfb1c-a8cf-4f23-ba8e-f8467dac490d.jpg,2718589
e9ff9ef6-6f2f-4cf2-b3f0-0afcd47778f8.jpg,U621226
e9ffcb0c-90aa-440e-85ce-59a129255e57.jpg,YMAR893258
